{
    "S01": [30.438998418785996, -97.61916191173464],
    "S02": [30.453910816877844, -97.68157275754972],
    "S03": [30.46735859584173, -97.5850678533701],
    "S04": [30.468996083019054, -97.63488137388288],
    "S05": [30.453565076497853, -97.65297941530505],
    "S06": [30.431183729317205, -97.57114474414165]
}