{
    "S01": {"gps":[30.438998418785996, -97.61916191173464], "hasEMS":false, "hasFire":true},
    "S02": {"gps":[30.453910816877844, -97.68157275754972], "hasEMS":true , "hasFire":true},
    "S03": {"gps":[30.46735859584173, -97.5850678533701  ], "hasEMS":true , "hasFire":true},
    "S04": {"gps":[30.468996083019054, -97.63488137388288], "hasEMS":false, "hasFire":true},
    "S05": {"gps":[30.453616, -97.653056                 ], "hasEMS":true , "hasFire":true}
}
